id;code;nom;type_locataire;numero_identification;telephone;email;adresse;statut;date_creation
1;unsteady;miserable beneath;PERSONNE_PHYSIQUE;depot psst blah;1-577-893-4388 x629;Otho75@yahoo.com;wear;INACTIF;2026-05-05T05:14:08
2;hyena provided someplace;carelessly onto;PERSONNE_PHYSIQUE;unto after psst;609-751-4824 x308;Teri.Shields42@hotmail.com;enchanting furthermore eek;SUSPENDU;2026-05-04T18:01:04
3;impish ironclad times;packaging roadway;PERSONNE_PHYSIQUE;marimba tousle;(790) 328-2671;Leonora_Shanahan93@hotmail.com;definitive slide;ACTIF;2026-05-05T05:32:45
4;circa forenenst demobilise;gullible;PERSONNE_PHYSIQUE;part think rarely;(954) 758-2261;Chelsea_Schumm-Hammes@gmail.com;if apricot abaft;SUSPENDU;2026-05-04T17:58:13
5;alligator;warm rally glider;PERSONNE_PHYSIQUE;below;830.502.7165 x1351;Ricky_Quigley81@yahoo.com;pronoun concerning ick;ACTIF;2026-05-05T00:07:41
6;broken blah babushka;mentor second-hand woot;PERSONNE_PHYSIQUE;save habit;(670) 640-5673 x67390;Myrna87@gmail.com;instead;INACTIF;2026-05-04T22:21:02
7;clinch wedding brook;belabor qua;PERSONNE_MORALE;provided jittery;831.435.8696 x820;Pablo86@gmail.com;conservative;ACTIF;2026-05-04T20:00:26
8;whereas;mortally fortunate;PERSONNE_PHYSIQUE;magnetize unexpectedly;1-229-369-2423 x075;Santiago_McCullough80@gmail.com;hubris boo;INACTIF;2026-05-05T06:58:06
9;besides hence;ugh victorious;PERSONNE_MORALE;secularize hospitalization fort;628.709.6784 x635;Casey_Nienow68@gmail.com;ornate t-shirt;SUSPENDU;2026-05-04T22:27:39
10;brr please owlishly;embed gee aha;PERSONNE_MORALE;boldly or;880-419-9822 x66899;Bobbie_Rosenbaum-Kreiger@yahoo.com;absent;ACTIF;2026-05-05T01:54:31
11;drat unless obedient;from cork;PERSONNE_PHYSIQUE;off serpentine;635.893.2404 x100;Lucille_Hagenes@yahoo.com;fooey ponder;ACTIF;2026-05-05T05:31:32
12;designation surface haversack;kookily;PERSONNE_PHYSIQUE;upliftingly wordy fiercely;(435) 433-1176 x712;Gayle_Rau@yahoo.com;upset hoof next;INACTIF;2026-05-04T11:46:11
13;unfortunately;pace;PERSONNE_PHYSIQUE;amongst unaccountably;717.364.5519 x808;Ashley_Parisian@hotmail.com;help sharply;INACTIF;2026-05-05T07:19:08
14;suspiciously cheerfully design;scared that mutate;PERSONNE_PHYSIQUE;or millet e-mail;756.414.4468 x482;Daija_Pagac-Beer11@gmail.com;outgoing;SUSPENDU;2026-05-04T16:02:10
15;distant pish shipper;lazily;PERSONNE_PHYSIQUE;around and until;1-622-389-4627;Marcella.Grant8@hotmail.com;muddy;INACTIF;2026-05-05T05:42:24
16;oblong buttery;indeed beloved;PERSONNE_PHYSIQUE;er;(454) 406-0853;Cassandra.Koelpin3@gmail.com;onto;SUSPENDU;2026-05-05T00:01:14
17;advocate congregate;dusk;PERSONNE_MORALE;aw burly deduction;1-564-494-6121 x18071;Tom_Steuber30@hotmail.com;compete upon;INACTIF;2026-05-04T11:56:32
18;consequently reword ownership;gray;PERSONNE_PHYSIQUE;seal fashion;1-989-615-2724 x25046;Darin.Daugherty11@gmail.com;aboard;ACTIF;2026-05-04T14:03:20
19;despite cafe huzzah;after vainly till;PERSONNE_MORALE;pace oh;857-553-2919;Alma33@hotmail.com;what phew;ACTIF;2026-05-04T19:38:36
20;validity;singing jive;PERSONNE_PHYSIQUE;until window excess;(568) 989-0329 x42068;Johann56@gmail.com;smoke;ACTIF;2026-05-04T22:23:57
21;which swine stiff;austere;PERSONNE_MORALE;fundraising representation whoever;833.936.5036 x07726;Cathy21@hotmail.com;scrabble;ACTIF;2026-05-04T10:26:37
22;wisely;carefully why colorless;PERSONNE_MORALE;near repentant;978.420.6040;Ruben_Hammes86@yahoo.com;jogging list;SUSPENDU;2026-05-04T18:47:39
23;woot;quicker;PERSONNE_MORALE;supposing blah;871-418-5774;Thurman48@yahoo.com;into;INACTIF;2026-05-04T13:01:39
24;who;writ boo;PERSONNE_PHYSIQUE;blissfully;1-841-503-4684 x934;Dedrick_McCullough@gmail.com;finally slipper;ACTIF;2026-05-04T16:04:15
25;untimely;part blah;PERSONNE_MORALE;acquaintance vivaciously;(489) 222-5131 x2773;Dewey.Tromp@yahoo.com;bah ew aw;ACTIF;2026-05-04T15:56:08
26;ignorance;barring untrue;PERSONNE_MORALE;uh-huh;427.608.0150 x77697;Sonya63@gmail.com;unsteady next;ACTIF;2026-05-05T07:31:47
27;behind parade uh-huh;ack newsletter idolized;PERSONNE_PHYSIQUE;gosh stall;697.340.8280 x451;Gladyce_Schmidt@hotmail.com;of;INACTIF;2026-05-05T04:52:19
28;thankfully gah respray;redesign;PERSONNE_MORALE;ugh;1-325-321-9631 x8974;Orville.Stracke25@gmail.com;certification equate;SUSPENDU;2026-05-04T23:11:23
29;forceful lest;freely;PERSONNE_PHYSIQUE;paintwork majestic;333.459.8229 x038;Bruce83@gmail.com;failing supposing among;SUSPENDU;2026-05-04T13:32:19
30;unexpectedly;rarely;PERSONNE_MORALE;gaseous reckon tightly;1-986-617-5969;Herman_Schuster@gmail.com;to;ACTIF;2026-05-04T15:35:05
