id;reference;type_rapport;format;periode_debut;periode_fin;chemin_fichier;date_generation;utilisateur_id
1;failing scrabble plus;kaleidoscopic sailor uh-huh;EXCEL;2026-05-05;2026-05-05;kookily finally;2026-05-05T07:38:23;1
2;lest tomorrow eulogise;wearily in investigate;EXCEL;2026-05-05;2026-05-05;signature;2026-05-04T12:55:59;2
3;secret if settler;yahoo alb incidentally;PDF;2026-05-04;2026-05-04;pish;2026-05-05T06:32:31;2
4;phew highly;helpfully;PDF;2026-05-04;2026-05-05;pupil;2026-05-04T22:40:23;1
5;hm;hunt;EXCEL;2026-05-04;2026-05-04;abaft;2026-05-04T15:21:11;1
6;teeming;ouch;EXCEL;2026-05-05;2026-05-05;drat linear;2026-05-05T02:00:15;2
7;weakly;trivial hm indolent;PDF;2026-05-04;2026-05-05;calmly denitrify;2026-05-04T22:49:21;1
8;solicit uncommon;likely without where;EXCEL;2026-05-04;2026-05-05;internalise;2026-05-04T21:29:39;2
9;although;behind;EXCEL;2026-05-05;2026-05-04;via yippee although;2026-05-05T02:33:17;2
10;calmly;knottily;PDF;2026-05-05;2026-05-05;acidly fail;2026-05-04T13:53:24;2
11;scram;yowza twin minus;EXCEL;2026-05-04;2026-05-04;physical;2026-05-05T05:44:13;2
12;burdensome deer madly;insert focused;EXCEL;2026-05-04;2026-05-05;phooey eek;2026-05-05T05:02:12;2
13;huzzah;wavy neatly um;PDF;2026-05-04;2026-05-04;hence;2026-05-04T20:16:04;2
14;what;showy unibody;EXCEL;2026-05-04;2026-05-04;woot sans slope;2026-05-04T13:52:44;1
15;fishery rudely bathhouse;blah among however;PDF;2026-05-05;2026-05-04;sour nudge;2026-05-05T04:11:01;1
16;despite;afford unripe duh;EXCEL;2026-05-04;2026-05-05;oh;2026-05-04T20:25:55;1
17;frizzy pro unimpressively;eek briefly energetic;EXCEL;2026-05-04;2026-05-05;vice soulful;2026-05-05T05:24:26;1
18;excepting;yahoo likewise draft;PDF;2026-05-05;2026-05-04;roger yowza absent;2026-05-04T16:53:11;2
19;opposite yahoo beyond;oh hence um;EXCEL;2026-05-04;2026-05-05;aha;2026-05-04T22:56:32;2
20;silently whenever yuck;as;PDF;2026-05-05;2026-05-05;whoa;2026-05-04T10:38:05;2
21;ghost jovially near;irritably;PDF;2026-05-04;2026-05-05;decryption over;2026-05-04T13:21:18;1
22;pace yet vibraphone;if;EXCEL;2026-05-05;2026-05-04;scholarship step-mother;2026-05-04T14:37:59;1
23;adumbrate pish;too supposing;PDF;2026-05-04;2026-05-04;extremely furthermore truthfully;2026-05-05T01:13:29;2
24;inasmuch disapprove furthermore;glimmer overburden;EXCEL;2026-05-05;2026-05-04;kick gah;2026-05-05T08:41:42;2
25;scary exactly fictionalize;narrow;PDF;2026-05-05;2026-05-05;best;2026-05-04T20:31:02;2
26;searchingly consequently among;indeed neighboring curiously;PDF;2026-05-04;2026-05-04;exempt;2026-05-04T21:08:23;2
27;who deliberately ruddy;promptly react;PDF;2026-05-05;2026-05-05;cardboard nice boohoo;2026-05-05T04:02:17;1
28;unused injunction specific;closely whopping curiously;EXCEL;2026-05-05;2026-05-04;trusty slimy;2026-05-05T05:35:57;1
29;so disinherit gleaming;mount quadruple;PDF;2026-05-05;2026-05-04;whose postbox cuddly;2026-05-04T16:36:44;2
30;mmm vary;political jittery clinch;EXCEL;2026-05-05;2026-05-04;unlined next;2026-05-05T02:10:44;2
